{
    "root_group": {
        "id": "d41d8cd98f00b204e9800998ecf8427e",
        "groups": {},
        "checks": {
                "ok": {
                    "name": "ok",
                    "path": "::ok",
                    "id": "2385b52f13b6c5244d846734f1757fa3",
                    "passes": 9111,
                    "fails": 0
                }
            },
        "name": "",
        "path": ""
    },
    "metrics": {
        "http_req_connecting": {
            "p(95)": 0,
            "p(99)": 0,
            "max": 1.21059,
            "min": 0,
            "med": 0,
            "p(90)": 0
        },
        "requests_search_dt": {
            "count": 1500,
            "rate": 49.933008379632064
        },
        "http_req_receiving": {
            "max": 0.686755,
            "min": 0.0117,
            "med": 0.070869,
            "p(90)": 0.131331,
            "p(95)": 0.1461275,
            "p(99)": 0.17967399999999992
        },
        "http_reqs": {
            "count": 9111,
            "rate": 303.2930928978852
        },
        "latency_landing_ms": {
            "p(95)": 41,
            "p(99)": 86,
            "max": 129,
            "min": 3,
            "med": 33,
            "p(90)": 39
        },
        "http_req_tls_handshaking": {
            "p(95)": 0,
            "p(99)": 0,
            "max": 0,
            "min": 0,
            "med": 0,
            "p(90)": 0
        },
        "iterations": {
            "count": 9111,
            "rate": 303.2930928978852
        },
        "latency_collections_ms": {
            "min": 14,
            "med": 46,
            "p(90)": 82,
            "p(95)": 94,
            "p(99)": 116.51999999999975,
            "max": 189
        },
        "data_received": {
            "count": 56949306,
            "rate": 1895766.7824748205
        },
        "vus_max": {
            "value": 20,
            "min": 20,
            "max": 20
        },
        "http_req_failed": {
            "passes": 0,
            "fails": 9111,
            "thresholds": {
                "rate<0.05": false
            },
            "value": 0
        },
        "http_req_duration{expected_response:true}": {
            "min": 2.600619,
            "med": 58.656873,
            "p(90)": 104.816719,
            "p(95)": 120.60573299999999,
            "p(99)": 158.94341869999994,
            "max": 249.466273
        },
        "http_req_blocked": {
            "p(99)": 0.007298599999999983,
            "max": 1.366769,
            "min": 0.000527,
            "med": 0.002589,
            "p(90)": 0.003674,
            "p(95)": 0.004167
        },
        "http_req_sending": {
            "med": 0.013515,
            "p(90)": 0.035605,
            "p(95)": 0.040001,
            "p(99)": 0.04999469999999999,
            "max": 1.070955,
            "min": 0.002447
        },
        "iteration_duration": {
            "min": 2.813497,
            "med": 58.822628,
            "p(90)": 104.945439,
            "p(95)": 120.7259415,
            "p(99)": 159.13373999999993,
            "max": 249.632317
        },
        "data_sent": {
            "count": 1046279,
            "rate": 34829.2387162887
        },
        "latency_search_all_ms": {
            "max": 176,
            "min": 39,
            "med": 61,
            "p(90)": 96,
            "p(95)": 109,
            "p(99)": 144.07999999999993
        },
        "requests_landing": {
            "count": 1437,
            "rate": 47.83582202768752
        },
        "requests_collections": {
            "count": 1617,
            "rate": 53.827783033243364
        },
        "requests_search_bbox": {
            "count": 1511,
            "rate": 50.299183774416036
        },
        "vus": {
            "min": 20,
            "max": 20,
            "value": 20
        },
        "requests_search_all": {
            "count": 1547,
            "rate": 51.497575975527205
        },
        "http_req_duration": {
            "min": 2.600619,
            "med": 58.656873,
            "p(90)": 104.816719,
            "p(95)": 120.60573299999999,
            "p(99)": 158.94341869999994,
            "max": 249.466273
        },
        "latency_search_bbox_ms": {
            "max": 190,
            "min": 25,
            "med": 60,
            "p(90)": 95,
            "p(95)": 107.5,
            "p(99)": 135
        },
        "requests_search_cql2": {
            "count": 1499,
            "rate": 49.89971970737898
        },
        "latency_search_cql2_ms": {
            "min": 44,
            "med": 96,
            "p(90)": 141,
            "p(95)": 158,
            "p(99)": 193,
            "max": 250
        },
        "latency_search_dt_ms": {
            "min": 20,
            "med": 61,
            "p(90)": 99,
            "p(95)": 114,
            "p(99)": 147,
            "max": 225
        },
        "http_req_waiting": {
            "max": 249.31459,
            "min": 2.422193,
            "med": 58.575082,
            "p(90)": 104.715549,
            "p(95)": 120.492666,
            "p(99)": 158.78186549999995
        },
        "checks": {
            "passes": 9111,
            "fails": 0,
            "value": 1
        }
    }
}