{
    "root_group": {
        "id": "d41d8cd98f00b204e9800998ecf8427e",
        "groups": {},
        "checks": {
                "ok": {
                    "name": "ok",
                    "path": "::ok",
                    "id": "2385b52f13b6c5244d846734f1757fa3",
                    "passes": 60573,
                    "fails": 45
                }
            },
        "name": "",
        "path": ""
    },
    "metrics": {
        "http_req_duration{expected_response:true}": {
            "p(99)": 58.64757535999999,
            "max": 115.739517,
            "min": 0.13729,
            "med": 5.97705,
            "p(90)": 23.063175,
            "p(95)": 37.24859239999999
        },
        "http_req_sending": {
            "min": 0.001985,
            "med": 0.0079,
            "p(90)": 0.015128,
            "p(95)": 0.025814599999999976,
            "p(99)": 0.13583769000000007,
            "max": 9.34538
        },
        "vus_max": {
            "max": 20,
            "value": 20,
            "min": 20
        },
        "iteration_duration": {
            "max": 116.263924,
            "min": 0.187145,
            "med": 6.109629999999999,
            "p(90)": 23.450728500000004,
            "p(95)": 37.502384049999975,
            "p(99)": 58.895562630000036
        },
        "requests_search_dt": {
            "count": 10035,
            "rate": 334.2174135953743
        },
        "data_received": {
            "count": 285884718,
            "rate": 9521440.06341833
        },
        "checks": {
            "passes": 60573,
            "fails": 45,
            "value": 0.99925764624369
        },
        "http_req_receiving": {
            "min": 0.006168,
            "med": 0.039248,
            "p(90)": 0.13738930000000005,
            "p(95)": 0.3521449999999999,
            "p(99)": 1.338097050000001,
            "max": 20.769363
        },
        "latency_search_all_ms": {
            "med": 8,
            "p(90)": 29,
            "p(95)": 39.29999999999927,
            "p(99)": 59,
            "max": 93,
            "min": 1
        },
        "http_req_connecting": {
            "min": 0,
            "med": 0,
            "p(90)": 0,
            "p(95)": 0,
            "p(99)": 0,
            "max": 0.675833
        },
        "requests_search_all": {
            "count": 10235,
            "rate": 340.8784482460046
        },
        "latency_search_dt_ms": {
            "med": 8,
            "p(90)": 29,
            "p(95)": 41,
            "p(99)": 62.659999999999854,
            "max": 101,
            "min": 2
        },
        "http_req_failed": {
            "passes": 45,
            "fails": 60573,
            "thresholds": {
                "rate<0.05": false
            },
            "value": 0.0007423537563100069
        },
        "requests_collections": {
            "count": 9980,
            "rate": 332.385629066451
        },
        "http_req_blocked": {
            "max": 3.419403,
            "min": 0.000313,
            "med": 0.00172,
            "p(90)": 0.002994,
            "p(95)": 0.003562,
            "p(99)": 0.007080940000000031
        },
        "iterations": {
            "count": 60618,
            "rate": 2018.8929922595316
        },
        "latency_collections_ms": {
            "min": 1,
            "med": 5,
            "p(90)": 26,
            "p(95)": 38,
            "p(99)": 58,
            "max": 116
        },
        "vus": {
            "value": 20,
            "min": 20,
            "max": 20
        },
        "http_req_waiting": {
            "max": 115.705017,
            "min": 0.111125,
            "med": 5.8647504999999995,
            "p(90)": 23.116783200000008,
            "p(95)": 37.03681949999996,
            "p(99)": 58.44314871000001
        },
        "data_sent": {
            "count": 6973271,
            "rate": 232245.9987961763
        },
        "requests_search_cql2": {
            "rate": 339.3464102763596,
            "count": 10189
        },
        "latency_search_bbox_ms": {
            "min": 1,
            "med": 7,
            "p(90)": 28,
            "p(95)": 40,
            "p(99)": 61,
            "max": 94
        },
        "http_reqs": {
            "count": 60618,
            "rate": 2018.8929922595316
        },
        "latency_landing_ms": {
            "min": 0,
            "med": 1,
            "p(90)": 4,
            "p(95)": 5,
            "p(99)": 11,
            "max": 84
        },
        "http_req_tls_handshaking": {
            "min": 0,
            "med": 0,
            "p(90)": 0,
            "p(95)": 0,
            "p(99)": 0,
            "max": 0
        },
        "requests_landing": {
            "count": 10095,
            "rate": 336.2157239905634
        },
        "requests_search_bbox": {
            "count": 10084,
            "rate": 335.84936708477875
        },
        "http_req_duration": {
            "min": 0.13729,
            "med": 5.9809660000000004,
            "p(90)": 23.30979660000001,
            "p(95)": 37.31530004999999,
            "p(99)": 58.64394495000001,
            "max": 115.739517
        },
        "latency_search_cql2_ms": {
            "med": 8,
            "p(90)": 30,
            "p(95)": 42,
            "p(99)": 61,
            "max": 99,
            "min": 1
        }
    }
}