{
    "root_group": {
        "checks": {
            "ok": {
                "id": "2385b52f13b6c5244d846734f1757fa3",
                "passes": 71463,
                "fails": 4,
                "name": "ok",
                "path": "::ok"
            }
        },
        "name": "",
        "path": "",
        "id": "d41d8cd98f00b204e9800998ecf8427e",
        "groups": {}
    },
    "metrics": {
        "latency_search_cql2_ms": {
            "min": 6,
            "med": 13,
            "p(90)": 17,
            "p(95)": 19,
            "p(99)": 21,
            "max": 108
        },
        "requests_search_bbox": {
            "rate": 398.63443098882834,
            "count": 11963
        },
        "http_req_blocked": {
            "min": 0.000378,
            "med": 0.001757,
            "p(90)": 0.002957,
            "p(95)": 0.003515,
            "p(99)": 0.006608399999999965,
            "max": 1.637882
        },
        "iteration_duration": {
            "max": 114.733857,
            "min": 0.187003,
            "med": 9.182586,
            "p(90)": 15.550405399999999,
            "p(95)": 17.0095511,
            "p(99)": 19.84103603999999
        },
        "http_req_waiting": {
            "p(99)": 19.548460379999998,
            "max": 114.131367,
            "min": 0.097535,
            "med": 8.943985,
            "p(90)": 15.277197600000001,
            "p(95)": 16.7291429
        },
        "requests_landing": {
            "rate": 397.36818436360255,
            "count": 11925
        },
        "vus": {
            "max": 20,
            "value": 20,
            "min": 20
        },
        "latency_collections_ms": {
            "min": 0,
            "med": 1,
            "p(90)": 3,
            "p(95)": 4,
            "p(99)": 6,
            "max": 82
        },
        "requests_search_all": {
            "count": 11830,
            "rate": 394.20256780053825
        },
        "http_reqs": {
            "count": 71467,
            "rate": 2381.443356973886
        },
        "data_received": {
            "count": 327477651,
            "rate": 10912301.853042139
        },
        "http_req_tls_handshaking": {
            "min": 0,
            "med": 0,
            "p(90)": 0,
            "p(95)": 0,
            "p(99)": 0,
            "max": 0
        },
        "vus_max": {
            "value": 20,
            "min": 20,
            "max": 20
        },
        "http_req_sending": {
            "min": 0.001668,
            "med": 0.008164,
            "p(90)": 0.015741400000000003,
            "p(95)": 0.03308379999999999,
            "p(99)": 0.14814207999999926,
            "max": 6.212379
        },
        "http_req_receiving": {
            "max": 7.314089,
            "min": 0.005384,
            "med": 0.04333,
            "p(90)": 0.115315,
            "p(95)": 0.2531528999999992,
            "p(99)": 0.9585593599999989
        },
        "latency_search_bbox_ms": {
            "min": 4,
            "med": 9,
            "p(90)": 13,
            "p(95)": 14,
            "p(99)": 17,
            "max": 110
        },
        "requests_collections": {
            "rate": 395.30220302770795,
            "count": 11863
        },
        "http_req_duration": {
            "min": 0.12341,
            "med": 9.053921,
            "p(90)": 15.3997904,
            "p(95)": 16.853435399999995,
            "p(99)": 19.6966577,
            "max": 114.314444
        },
        "http_req_failed": {
            "passes": 4,
            "fails": 71463,
            "thresholds": {
                "rate<0.05": false
            },
            "value": 0.000055969888200148324
        },
        "latency_landing_ms": {
            "p(90)": 2,
            "p(95)": 3,
            "p(99)": 5,
            "max": 72,
            "min": 0,
            "med": 1
        },
        "checks": {
            "passes": 71463,
            "fails": 4,
            "value": 0.9999440301117999
        },
        "http_req_connecting": {
            "min": 0,
            "med": 0,
            "p(90)": 0,
            "p(95)": 0,
            "p(99)": 0,
            "max": 0.485631
        },
        "requests_search_dt": {
            "count": 11940,
            "rate": 397.86801855777065
        },
        "iterations": {
            "rate": 2381.443356973886,
            "count": 71467
        },
        "latency_search_dt_ms": {
            "p(90)": 17,
            "p(95)": 18,
            "p(99)": 21,
            "max": 115,
            "min": 6,
            "med": 12
        },
        "latency_search_all_ms": {
            "p(95)": 18,
            "p(99)": 21,
            "max": 108,
            "min": 6,
            "med": 12,
            "p(90)": 17
        },
        "http_req_duration{expected_response:true}": {
            "p(99)": 19.68697872,
            "max": 109.213697,
            "min": 0.12341,
            "med": 9.053738,
            "p(90)": 15.39726,
            "p(95)": 16.850673599999997
        },
        "requests_search_cql2": {
            "count": 11946,
            "rate": 398.0679522354379
        },
        "data_sent": {
            "count": 8223340,
            "rate": 274020.43481799477
        }
    }
}