{
    "root_group": {
        "groups": {},
        "checks": {
                "ok": {
                    "path": "::ok",
                    "id": "2385b52f13b6c5244d846734f1757fa3",
                    "passes": 15306,
                    "fails": 0,
                    "name": "ok"
                }
            },
        "name": "",
        "path": "",
        "id": "d41d8cd98f00b204e9800998ecf8427e"
    },
    "metrics": {
        "http_req_receiving": {
            "p(95)": 0.137091,
            "p(99)": 0.17041230000000002,
            "max": 0.795077,
            "min": 0.011803,
            "med": 0.0634835,
            "p(90)": 0.120783
        },
        "requests_search_bbox": {
            "count": 2553,
            "rate": 85.01764269820397
        },
        "http_req_blocked": {
            "med": 0.002308,
            "p(90)": 0.0034155,
            "p(95)": 0.00381775,
            "p(99)": 0.005772800000000017,
            "max": 0.495396,
            "min": 0.000432
        },
        "data_received": {
            "count": 85115751,
            "rate": 2834445.9484948283
        },
        "iteration_duration": {
            "max": 434.914254,
            "min": 7.410749,
            "med": 41.8286775,
            "p(90)": 47.969141500000006,
            "p(95)": 49.68782775,
            "p(99)": 53.730447250000026
        },
        "vus_max": {
            "max": 20,
            "value": 20,
            "min": 20
        },
        "http_reqs": {
            "count": 15306,
            "rate": 509.7062432975754
        },
        "http_req_waiting": {
            "med": 41.5932845,
            "p(90)": 47.730371500000004,
            "p(95)": 49.47570625,
            "p(99)": 53.47882435000001,
            "max": 434.508473,
            "min": 7.229119
        },
        "latency_landing_ms": {
            "max": 33,
            "min": 8,
            "med": 18,
            "p(90)": 22,
            "p(95)": 23,
            "p(99)": 26
        },
        "requests_search_dt": {
            "count": 2585,
            "rate": 86.08327707593313
        },
        "iterations": {
            "count": 15306,
            "rate": 509.7062432975754
        },
        "http_req_sending": {
            "med": 0.0121475,
            "p(90)": 0.0341415,
            "p(95)": 0.03866925,
            "p(99)": 0.04624375000000001,
            "max": 0.436148,
            "min": 0.002567
        },
        "http_req_tls_handshaking": {
            "min": 0,
            "med": 0,
            "p(90)": 0,
            "p(95)": 0,
            "p(99)": 0,
            "max": 0
        },
        "requests_landing": {
            "count": 2540,
            "rate": 84.5847287322515
        },
        "http_req_duration{expected_response:true}": {
            "max": 434.575067,
            "min": 7.289575,
            "med": 41.6850225,
            "p(90)": 47.824976500000005,
            "p(95)": 49.567364,
            "p(99)": 53.55322530000002
        },
        "latency_search_cql2_ms": {
            "min": 29,
            "med": 44,
            "p(90)": 49,
            "p(95)": 51,
            "p(99)": 55.13999999999987,
            "max": 426
        },
        "requests_search_all": {
            "count": 2533,
            "rate": 84.35162121212325
        },
        "vus": {
            "value": 20,
            "min": 20,
            "max": 20
        },
        "http_req_duration": {
            "min": 7.289575,
            "med": 41.6850225,
            "p(90)": 47.824976500000005,
            "p(95)": 49.567364,
            "p(99)": 53.55322530000002,
            "max": 434.575067
        },
        "data_sent": {
            "count": 1764567,
            "rate": 58761.976781449936
        },
        "latency_search_bbox_ms": {
            "min": 29,
            "med": 42,
            "p(90)": 48,
            "p(95)": 49,
            "p(99)": 53,
            "max": 435
        },
        "http_req_connecting": {
            "min": 0,
            "med": 0,
            "p(90)": 0,
            "p(95)": 0,
            "p(99)": 0,
            "max": 0.252599
        },
        "requests_collections": {
            "count": 2508,
            "rate": 83.51909435452235
        },
        "checks": {
            "passes": 15306,
            "fails": 0,
            "value": 1
        },
        "latency_search_all_ms": {
            "min": 31,
            "med": 44,
            "p(90)": 49,
            "p(95)": 51,
            "p(99)": 55,
            "max": 426
        },
        "latency_collections_ms": {
            "p(95)": 45,
            "p(99)": 49,
            "max": 426,
            "min": 23,
            "med": 38,
            "p(90)": 43
        },
        "http_req_failed": {
            "passes": 0,
            "fails": 15306,
            "thresholds": {
                "rate<0.05": false
            },
            "value": 0
        },
        "latency_search_dt_ms": {
            "min": 31,
            "med": 44,
            "p(90)": 49,
            "p(95)": 51,
            "p(99)": 55.159999999999854,
            "max": 435
        },
        "requests_search_cql2": {
            "count": 2587,
            "rate": 86.1498792245412
        }
    }
}